{
	"A1"		: "55",
	"A♯1/B♭1"	: "58",
	"B1"		: "62",
	"C2"		: "65",
	"C♯2/D♭2"	: "69",
	"D2"		: "73",
	"D♯2/E♭2"	: "78",
	"E2"		: "82",
	"F2"		: "87",
	"F♯2/G♭2" 	: "92",
	"G2"		: "98",
	"G♯2/A♭2" 	: "104",
	"A2"		: "110",
	"A♯2/B♭2"	: "117",
	"B2"		: "123",
	"C3"		: "131",
	"C♯3/D♭3"	: "139",
	"D3"		: "147",
	"D♯3/E♭3"	: "156",
	"E3"		: "165",
	"F3"		: "175",
	"F♯3/G♭3"	: "185",
	"G3"		: "196",
	"G♯3/A♭3"	: "208",
	"A3"		: "220",
	"A♯3/B♭3" 	: "233",
	"B3"		: "247",
	"C4"		: "262",
	"C♯4/D♭4"	: "277",
	"D4"		: "294",
	"D♯4/E♭4"	: "311",
	"E4"		: "330",
	"F4"		: "349",
	"F♯4/G♭4"	: "370",
	"G4"		: "392",
	"G♯4/A♭4"	: "415",
	"A4"		: "440",
	"A♯4/B♭4"	: "466",
	"B4"		: "494",
	"C5"		: "523",
	"C♯5/D♭5"	: "554",
	"D5"		: "587",
	"D♯5/E♭5"	: "622",
	"E5"		: "659",
	"F5"		: "698",
	"F♯5/G♭5"	: "740",
	"G5"		: "784",
	"G♯5/A♭5"	: "831",
	"A5"		: "880",
	"A♯5/B♭5"	: "932",
	"B5"		: "988",
	"C6"		: "1047",
	"C♯6/D♭6"	: "1109",
	"D6"		: "1175",
	"D♯6/E♭6"	: "1245",
	"E6"		: "1319",
	"F6"		: "1397",
	"F♯6/G♭6"	: "1480",
	"G6"		: "1568",
	"G♯6/A♭6"	: "1661",
	"A6"		: "1760",
	"A♯6/B♭6"	: "1865",
	"B6"		: "1976",
	"C7"		: "2093"
}