{
	"F3"		: "175",
	"F♯3/G♭3"	: "185",
	"G3"		: "196",
	"G♯3/A♭3"	: "208",
	"A3"		: "220",
	"A♯3/B♭3" 	: "233",
	"B3"		: "247",
	"C4"		: "262",
	"C♯4/D♭4"	: "277",
	"D4"		: "294",
	"D♯4/E♭4"	: "311",
	"E4"		: "330",
	"F4"		: "349",
	"F♯4/G♭4"	: "370",
	"G4"		: "392",
	"G♯4/A♭4"	: "415",
	"A4"		: "440",
	"A♯4/B♭4"	: "466",
	"B4"		: "494",
	"C5"		: "523",
	"C♯5/D♭5"	: "554",
	"D5"		: "587",
	"D♯5/E♭5"	: "622",
	"E5"		: "659",
	"F5"		: "698",
	"F♯5/G♭5"	: "740",
	"G5"		: "784",
	"G♯5/A♭5"	: "831",
	"A5"		: "880",
	"A♯5/B♭5"	: "932",
	"B5"		: "988",
	"C6"		: "1047"
}